State,City,Phone
Arizona,Phoenix,602-200-2200
California,San Diego,619-744-4600
California,Los Angeles,562-624-3800
California,San Francisco,415-844-5455
Colorado,Denver,303-721-3000
District of Columbia,Washington DC,703-285-6700
Florida,Tampa,813-357-7000
Florida,Miami,305-597-6000
Georgia,Atlanta,404-346-2374
Hawaii,Honolulu,808-532-3746
Illinois,Chicago,630-574-4600
Lousiana,New Orleans,504-310-8800
Maryland,Baltimore,410-962-2620
Massachusetts,Boston,617-565-3100
Michigan,Detroit,313-226-0500
Minnesota,Minneapolis,612-843-8800
Missouri,Kansas City,816-854-1054
Nevada,Las Vegas,702-388-6732
New Jersey,Newark,973-776-5500
New York,New York City,646-230-3200
New York,Buffalo,716-464-5900
North Carolina,Charlotte,704-679-6140
Pennsylvania,Philadelphia,212-717-4800
Puerto Rico,San Juan,787-729-5151
Tennessee,Nashville,615-664-5500
Texas,El Paso,915-856-2315
Texas,Houston,281-985-0500
Texas,San Antonio,210-979-4500
Texas,Dallas,972-444-7300
Washington,Seattle,206-442-2200